{"sliding_size": 100, "scores": [-177.64936614357873, -332.37824733370553, -277.9821544654327, -329.7851016848797, -74.95305022255518, -95.53756347321249, -64.4744677014073, -270.20131332470754, -100.22483714225707, -96.90044215399219, -113.2198083663366, -124.72673043990747, -36.262421640723666, -106.95489341828353, -243.83115508885507, -282.6185379452864, -133.12061090955717, -261.64857835227826, -343.62991773861665, -169.48427918739588, -107.20880219052441, -333.1192254987627, -467.92298434019136, -140.13015808610692, -169.02752739361193, -496.67920804664607, -201.7011825776001, -76.0265788483676, -83.98069178415753, -93.78221560466575, -460.28887092544784, -94.5351996272066, -164.96009116929616, -234.70415525188326, -123.24590494076669, -203.96212139437515, -210.97614206100008, -93.07357287938807, -354.3601789423918, -356.8239722862335, -271.5152634013462, -202.49718064004747, -177.18769557510404, -116.92483462904877, -399.5411543971671, -265.196458169771, -120.91351981139496, -228.54571081294083, -117.73831752045244, -108.28697450518341, -70.66368331064363, -194.06549015591133, -197.08563345795415, -130.54440608708882, -126.4131245987549, -243.13548750983318, -399.410758270161, -258.5096046639218, -137.7062826409046, -29.080923753900265, -87.6433102892473, -119.670893080801, -295.4281735630109, -11.604586664681463, -92.40826978465255, -156.5694417099973, -138.83414197171888, -494.205608008973, -105.62232506944679, -145.05804637174884, -266.70681339534724, -595.4840733269536, -86.89547875110097, -152.88220770117277, -107.55043452416139, -426.55086650007473, -89.53880347806218, -186.74109005907832, -309.1444731389308, -199.13742993749423, -117.76664668134627, -187.60552149700513, 11.404963099601076, -89.17273773865321, -238.18982785735164, -137.14714187330515, -189.8031658062049, -96.08041857945288, -337.79763241610794, -191.90485572231972, -115.21380360781322, -448.095510711986, -256.52659080385075, -269.5394632709948, -171.88945349380953, -438.94182925487524, -129.21058313930678, -101.69720566522115, -175.527351397057, -111.51333107375252, -293.9693784692646, -176.85902717277241, -93.51112673088724, -112.70322956164037, -250.5264593733435, -146.93675814990496, -80.30862862803781, -140.30458930436237, -113.27111114203787, -104.38337904293338, -293.1467616870705, -157.2020854212219, -402.3337790805734, -364.0005869453331, -84.60750793988083, -77.73924785539555, -121.74092606589537, -91.29436881081661, -351.12988576388796, -101.59652563637934, -130.70635448536024, -170.82167036301917, 17.01185418939849, -73.24270658990778, -185.00745338913578, -168.56515443372498, -77.21458289927266, -139.02092069503652, -97.72875720804204, -73.4575515870957, -292.20214412388276, -77.91249678957395, -77.32722040227318, -93.76266130153941, -131.7579575274046, -290.17554761024485, -84.46595839662123, -92.27053986490805, -82.75302094080214, -124.86370463341952, -128.04952438984685, -304.2100304116845, -123.07324209992643, -219.36018390404558, -94.22750037627691, -133.1573818807069, -127.31396478950062, -163.06022407931033, -104.32424971844341, -160.48778245057736, -308.34928734769585, -127.11892787642381, -316.35127166040036, -196.6467504028447, -205.3712024067927, -83.5011612290509, -78.6478506335367, -396.73033595832356, -365.61334379699883, -365.7738243128283, -35.08303030519953, -152.6688074367917, -126.23552743045035, -271.2465136724451, -152.2904894612037, -430.93715192977777, -88.35062726098872, -155.04020023468343, -103.11653276380872, -201.33271798982508, -193.62281020535414, -125.34112684045591, -439.1476450057411, -320.0637269315692, 8.207663859218442, -128.11739387944434, -153.67668220976716, -391.8145278693381, -80.16696422861953, -196.98378891292677, -282.1637464580009, -420.10429268650984, -309.0760952927684, -383.30868764167155, -59.845428236101924, -57.22387366061112, -355.6106773076258, -68.72615416470735, -135.9624746070312, -203.32262964573357, -110.85991562871581, -209.1231106898815, -155.23471496300138, -43.99390971500368, -200.20151160494808, -95.83296278866096, -269.1630288221136, -237.93695647277133, -262.7759832199042, -240.18120035853377, -86.21341639522281, -154.363002189983, -259.4240641515498, -99.33395726484618, -148.02249504434732, -203.7488070815047, -103.78912734342686, -63.286631839348786, -336.64090252077096, -66.18037865460825, -91.74115938546115, -172.3306494708909, -107.79684565375435, -111.59714181804269, -102.95444478379987, -96.9336130544073, -133.97805016187982, -233.25446798310435, -180.84085278083973, -170.82981375342627, -319.10728731555923, -75.92114950958722, -402.93920241169303, -123.72361119841739, -117.4302444758194, -168.1935785094591, -121.72620486444538, -143.66668594843003, -146.60540607236433, -92.49583978263327, -290.0273722048503, -288.7759233697765, -108.69296584807041, -110.33732464820325, -304.2539657712889, -272.23794865004436, -293.2073409691058, -347.1050864275295, -385.1302612382522, -444.4653555854279, -82.18641123035165, -211.8688834008164, -24.45095272866824, -207.31197983102032, -319.5161997793075, -120.90559847854333, -218.946869128963, -204.04477296689208, -470.3563297082604, -94.3415766047782, -64.12280949785838, -95.05137366249923, -71.63552657396914, -276.37046303359506, -123.04700402035522, -128.01242886857602, -61.829479321912764, -126.48204202582976, -281.2433537074412, -160.86734651387908, -127.37578348909884, -107.62815059847512, -82.60226355970403, -153.90196746766213, -116.77625226009023, -350.076943800971, -326.593097686381, -108.73995061551912, -274.61485692749466, -99.0041182612336, -117.1763925759141, -113.81041663200378, -250.6351618628119, -123.80005090647303, -69.75711520938067, -145.28665884015604, -204.92618407239075, -371.50946812904226, -111.51156948643055, -103.6811431680581, -79.38507789571327, -190.88612892508024, -301.0412297392308, -302.5598643998216, -430.8414730438056, -105.70644165135873, -260.5930975634335, -131.75037083637307, -128.02441420750233, -143.50920431766727, -349.31484953020856, -309.2516887550897, -233.30442608668878, -175.363806095045, -256.63347732495504, -273.31622554912997, -77.04240017191842, -133.80217492888627, -115.6795632318018, -120.04348597030602, -204.8070367874085, -217.6229718419737, -280.9759399800804, -356.06593097200437, -109.5544930793186, -386.8832828105625, -134.94216688146304, -102.19319725993492, -111.26620126626736, -310.561624659607, -369.1199468514969, -96.85446806815365, -415.81695580346036, -51.76688487323089, -301.60063149599466, -191.2366999499419, -80.410983950739, -187.89437387021442, -386.889645237981, -154.97011089370062, -160.60992416084, -343.8281948652465, -305.11802545084925, -228.68947398220607, -106.51971910098668, -215.4825383874823, -337.43082831937136, -388.8132352416467, -172.71880238438536, -86.76544560325745, -118.83323012642364, -120.6164794972125, -71.59378485698451, -178.61491571149148, -252.6764864241754, -98.53382061346053, -170.5355567329505, -277.5922043499577, -80.20254337887178, -351.22800791124564, -165.05190013205936, -110.04778872369644, -333.2365327797506, -228.92726355972982, -104.99789385590701, -262.24275563362517, -228.1294476158624, -287.5932834584096, -162.62816497050932, -92.55346994222194, -96.50189227317476, -294.7667224092953, -351.8386605371234, -111.6415735047786, -311.8844611056162, -121.60585708954684, -193.5674735848028, -86.65186068769387, -357.95128658786155, -241.61636098648376, -131.12205900742882, -309.0058810335468, -75.69457995017075, -117.234335432029, -364.41585533994214, -127.30545539882381, -114.4578717045681, -132.48821265375938, -133.7602306897305, -138.6579889421625, -294.9925979824104, -64.38398215169335, -409.94152214023563, -252.63795078304608, -65.49959400719229, -84.75051466349265, -404.0183969292573, -397.4750558608673, -185.798217602985, -96.23827042728165, -124.4733649026339, -85.2717336607963, -138.90788723443626, -64.98913028822699, -516.2689632285344, -120.4341657021608, -294.41993655028796, -65.22600236892099, -192.59647068660084, -206.34630630591522, 