{"sliding_size": 100, "scores": [-64.81456506382372, -103.45009925830358, -93.43216126548765, -462.8110539021442, 12.780250942423947, -200.53312324290553, -78.1214855199361, -307.0723607431868, -100.3146689839659, -157.26453566805355, -141.63036262478482, -124.1297899594189, -74.7493603531401, -77.375907261816, -112.6328033492722, -12.922607743901764, -99.00261829252358, -55.841183686224284, -438.7692521598702, -336.4430881832034, -361.2807856874742, -220.1833825902566, -161.96476468104078, -240.83765062337008, -331.9227986623769, -31.470202484952168, -268.23247539967576, -410.89814980918476, -88.09136466913517, -138.9826108540019, -418.73766455309897, -129.52178239481245, -130.05388304355336, -390.53298352087575, -106.4886255872102, -124.69294874065321, -350.29470585824777, -292.8903299220559, -3.9089734451059712, -168.50890665086092, -92.3682830393218, -100.03164381393705, -24.10602459237296, -386.8133378067002, -93.09565048175779, -283.03302207206843, -223.68678420539692, -127.27890191584295, -43.22638309250373, -242.01634250592818, -176.5563454254745, -214.67380827366708, -26.01811338513707, -277.5846714660596, -223.8931989993461, -135.26282174990786, -262.38225875965963, -203.97205448377318, -78.02199242211421, -234.44134953624464, -379.15766993747286, -151.5205801650115, -32.46681605214344, -62.82120817888369, -92.79504069005854, -2.5968364475483128, -294.7143963730533, -244.46852598660928, -155.85019612038846, -303.7522880167145, -169.98271877905592, -119.62782288808768, -393.18427956475955, -227.87395831921793, -275.9587681538744, -32.812689546790295, -84.49231126114671, -426.77574365596445, -112.40555332570025, -65.85649768890674, -195.24261194772708, -146.90405129117428, -333.23290402720943, -106.91105578953675, -288.221704195763, -226.72921281293407, -116.47890027190635, -147.84237492290055, -135.99039954021274, -72.24005253443704, -154.84312948233824, -193.17505830386173, -140.03610562567678, -93.19047515046609, -85.8239741263024, -257.0193900579093, -206.49399497969193, -161.95371459099945, -178.37285310792626, -66.11408880620965, -23.173143748078516, -256.7198069046387, -187.46605779912608, -320.14780727855185, -42.62456954296751, -75.07584851078431, -185.67530609838073, -61.47853514458325, -111.29310030353031, -121.63564269463635, -218.60206276846873, -86.5529558122671, -158.31062836277064, -240.05063268536074, -298.38862892265956, 205.34322967454028, -424.68186237078345, -319.12238998619216, -288.73748638433796, -323.6701861372792, -140.29775645803628, -68.23425544640662, -132.04713912991213, -146.74844430052883, -147.6456647403506, -52.580379630608775, 50.46959865650902, -262.1951879037581, -83.83598190915541, -246.4717154368399, -60.888200375041905, -298.43349024979244, -266.42264913450197, -61.64951120292653, -34.613796686918036, -315.5026020589354, -390.3009931713781, -14.11953337084205, -102.88392168660505, -230.3349900627067, -311.0197915002914, -219.48939309285743, -189.15125601383983, -73.9434994043524, -160.53310264361332, 6.516720264732768, -130.21940275528883, -63.16152535569957, -63.961420564017075, -190.15414594592625, -96.71511024498594, -174.41609558532195, -216.81078672455942, -235.07179121081893, -151.14063457517332, -128.52466459770133, -282.95465789137563, -145.3082419947373, -88.23097703174601, -224.17797260930178, -117.56105891279834, -62.98379424484428, -8.82738391429472, 60.4990427263056, -53.32815594935589, -216.34090206703218, -80.44884233682572, -129.85354031190064, -93.43801530539476, -186.349393948123, 69.24688128108474, -55.996588572686825, 7.668861478811493, -263.8946231349962, -131.32275331206128, -364.3806800439532, -219.66602211001702, -344.1207936593162, -209.05732213947218, -253.9166742076913, -146.72035192982835, -318.8353912489031, -340.2940331333075, -68.86908455122884, -217.1462161006536, -203.2704608500054, -180.2964169556429, -323.74062598127614, 82.56542463878513, -273.60805102998864, -304.3918160069347, -64.57279267447151, -63.78965408428376, -187.33631635621592, -107.30985599692369, -82.98577784264104, -117.00427846328988, -174.4583360468431, -162.95445293832898, -136.09380076531087, -117.9013986200162, -111.06838827738079, -66.02729679630956, -81.50154687500557, -160.9672563345689, -4.43404773796064, -83.69052099618145, -106.68214514125478, -126.8904531278267, -96.61275690874182, 18.009311470389463, -95.69375398278784, -82.75754576901514, -120.80983577636725, -219.68355161807852, -101.48763229081172, 100.58121996991528, -131.2085223788646, -123.9576717424928, -69.39996139860226, -266.4948222676385, -174.7841519351764, -148.76099399272107, -49.25531408892655, -81.75981798771203, -247.21118512039834, -97.74788492658476, -201.99876307503695, -6.423622124056607, 18.591647841683777, -152.4694683678631, -115.37641032853846, -177.92238105585938, -42.68942913516531, -84.73391036979918, -219.10064388398274, 13.057273334023122, -250.7423803316144, -57.88640474264895, -278.16185220017184, -74.47607441515139, -145.11309688983414, -38.446755417239146, -90.70393822071505, -68.37651981002846, -44.52382218522168, 12.852351064352618, 166.43330839597778, 21.718856402589722, -25.246980182924958, 6.260296722656378, -32.14691746582622, -70.46062379510036, 46.33607537143857, 44.9897796644388, -88.93804698139242, 11.058949021536677, -84.5372164896706, -304.69821214472597, -200.01555821003527, -48.48706241383243, -226.00531795205274, -0.013249449680486691, -43.307188391906294, -22.233706668149274, -131.174267430184, -83.76474329824725, -237.08516712479235, -58.46822918213189, -184.87214180920245, -409.8425430318287, -202.66368665078335, -9.788333629296716, -183.2404576520375, 135.60831546425328, -325.6752910767092, -211.26687599281095, -119.24351278437472, -197.46261729563776, -125.57348087605304, -203.77584898359822, -21.471600967044992, -55.598392220490354, 240.4335469895669, -19.52413110408014, -12.284275489173169, -217.9041102339813, -243.6911916702995, -126.61231735481124, -54.680877193604005, -115.5810248538851, -86.46548287483961, -164.5390299531748, -69.03435437809313, -97.42128241281335, -118.36441194562644, -225.44673706060883, -356.9786861099854, -69.94463690993769, -82.65962931091474, -96.00161991832886, -45.16897260267405, -37.802834920821354, 42.09499664717282, -185.9364811934051, -240.28109157086053, 202.00501349086767, -13.820508567862717, 6.220704770492716, -56.84638208185919, 218.1992877923667, -180.58865632136514, -189.90147359680844, -196.52928006372915, -58.01106012090085, -2.1260407752954364, -18.21341328941267, -106.6408633806115, -143.8767611641875, -142.63844878996144, -117.7027761660125, -127.75371051009697, -92.45611288757839, -100.13690119973433, -101.27278436236838, -211.99060400914556, -21.239945929253267, -9.11944345791622, -110.53487961347146, -107.32078535044273, -108.43828421038248, -104.05798865746894, -260.5582299001795, -217.88778096650134, -80.99342816997462, -37.71131621772811, -105.71208941491227, 235.27038368035815, -31.862861726569168, -73.81568989523315, -258.638971515972, -46.68126994084774, -226.9516866436835, -75.41870409357298, -121.53356670188387, 134.98722043206192, 7.581287236331491, 52.848155739312006, -60.34140294993459, -216.24396427194762, -67.56211902743726, 128.80136142560562, -149.05215802407386, 69.59740594330574, -126.57759318390038, -145.99355397553222, 26.22791108161354, -114.73862747003014, -117.43868077407214, -154.06780169324549, -121.1286367114813, -138.5776626072946, -105.75934668090066, -99.73448786205907, -115.14895929901266, -138.69945253012432, -167.21858147941438, -117.78340266277029, -132.2277329066699, -152.4252158537106, -95.81531364021392, -162.31467764456204, -6.588126191455718, -125.3847779670666, -189.51453589646576, -127.21534221253717, -150.50033087936086, -133.73390606583652, -94.14497264783738, -102.0918493400284, -105.97940419338605, -118.98711334271616, -148.9053571701767, -115.97087383620907, -129.0603537617395, -152.15493440183582, -131.05496253417667, -112.95715259236584, -107.41251066634152, -127.68951589285392, 