{"sliding_size": 100, "scores": [-58.202083187868396, -83.32295693985527, -267.2639736534186, -56.70197726811611, -358.7942407309399, -370.077936201205, -148.44672076484247, -146.75549898044898, -245.9954432015128, -131.45931649464765, -116.94143258575104, -171.45747754104727, -106.0891199422169, -89.68962203220994, -97.1254991455666, -398.5342473675826, -535.5059668006022, -221.43178085586317, -313.7110598940628, -269.5761893221419, -266.28008309376617, -241.35863847913373, -68.8559024512005, -123.48915149496986, -214.44231637738534, -77.52904400939974, -206.3490809958742, -112.14013839825607, -82.53043735888795, -392.6694102022045, -254.097274174575, -330.5022470844789, -126.26136043745132, -317.5365126489556, -143.59353614031113, -91.87347015658969, -124.14779335009212, -242.48935847244238, -236.71747838324518, -346.6137469783572, -397.4888734909917, -171.51837776720134, -86.0394332670993, -14.910894973494791, -91.97567090760981, -5.727238983669096, -172.60928716711413, -356.50981632409633, -166.75067225454188, -413.8270936928817, -61.264588950462425, -109.52857714664887, -75.77005181680416, -133.7360088539366, -78.91118716073828, -34.165147770566705, -149.81802924618285, -197.40120622823537, -10.368731618540224, -75.34428027553002, -130.12175713697582, -124.4847008689139, -178.84899083170728, -38.44359381421178, -161.66358378981673, -295.9794859818145, -55.79925451481921, -166.4492470949676, 14.273450216218123, -111.49887989771557, -126.0642682755627, -169.73082132752342, -27.48674119321194, -124.96635598871254, -164.56392771944115, -142.89544229262867, -115.8849483424206, -261.0177294888027, -91.74909873546659, -99.98623264535944, -3.75545542475011, -98.19265939212568, -80.20210184599713, -40.43211229386674, -73.730706949902, -305.2621960771237, -13.067494249062946, -122.02703146961123, -12.266146423159114, -148.7968345874499, -249.70648671231154, -126.00998671777363, -234.26268058648014, -114.34480973160858, -94.92627974550962, -235.18921556964352, -63.547902979072546, -210.21145105583685, -99.74678613041178, -230.24474444097802, -12.470207839942479, -86.12531173553732, -117.94593637935887, -103.93016946331072, -119.28515827039308, -173.98052561670778, -83.80452535704099, -3.8470859690608137, -296.94969674117635, -68.59453702930223, -56.378309865323146, -202.15870330389492, -78.66933387167833, -12.31021529152008, -39.68669311896673, -16.542646850159144, -94.69631224438156, -120.1672588218959, -102.2144619222048, -4.331517223214547, -85.01753563546258, -71.11157577366917, -24.033384800379537, -57.17682160231276, -70.60732421577005, 15.214548554137451, -29.60663242778807, -96.1474521010173, -24.82516313084826, -4.181096468039669, -2.0678682384427844, -29.26749940444501, 48.8179944809192, 22.20057025560712, -178.4029323641824, -85.23576626789591, -28.855389895774323, -14.478977494279818, -16.766418513257936, -64.23516553064452, 36.73026446392768, 30.684255203779465, -7.632229473376782, -116.74392596017496, -53.17777008749695, -104.24764720365333, 20.0362938677619, -20.955699772964373, 3.7046594775361257, 3.475120267174349, 15.572531637942106, -26.41607928184061, -15.708054263208169, 41.562511721155886, -79.19580317714778, -74.66746015101992, -49.9308173156231, -189.91328120741846, -33.85164873814746, 15.24668442611599, -67.95652358710393, -72.25922974187817, 8.815108837055405, -69.34114628008373, 22.484521289080888, -105.2994395905942, -99.95720332606324, -13.220663018248288, -195.37681335042697, -80.40623619573581, -121.71505103175413, -66.07366179693267, -334.24566990217363, -92.44588267259581, -128.15944923419656, 5.393847045533505, -47.6142493501888, -55.84738331355521, 36.74478138368562, -356.43408218356217, -24.81152808574304, -2.3163945347538837, -52.529288560015104, -52.904952071196455, -31.394383594333522, 9.069849710375383, -55.534489156040934, 5.2698106092538675, -61.95837136915484, 8.515253480589934, -25.941292977441417, 10.789338346629297, -22.165174440057157, 21.360414799926815, -0.5337391812400594, -142.35404813156237, -34.57734223867896, -55.39009789100378, -32.391583294619664, -194.9314446986316, -19.574286450331563, -44.21120086163253, -25.735172241367266, -18.343501210394432, -36.47494674319493, -7.142220627338588, 43.847113244998894, 12.594885784998311, -40.13894099938511, -20.18371327692126, 1.662871452205757, 11.528904672762849, -37.662053816589804, -38.80397518439397, -83.6888470454644, -16.93823948204516, -38.67198089260971, -51.92542194809199, -25.543289571598272, -42.504088488386515, -9.423918575763143, -20.29115803426471, -7.6495614536256635, -29.688329562364572, -24.32766327681875, 4.677679768036416, -6.287654840385613, -32.6879763631958, 3.7593699817239923, -83.55033602225116, -16.58821391627048, -137.49311395007226, -31.81301863870341, 62.082464629122896, -45.562007145403555, 128.88709611129795, -44.097045265532785, 103.93062402006267, 85.51084446308639, 75.21619056295091, -5.654414257500239, 84.89779916528057, -164.83150114288128, 50.597814774200074, 54.66514991489442, 15.359748590248643, 60.32373759031818, 91.46447544084535, 12.682409908170914, 60.63877962685812, 109.32841979236998, 118.21168534722946, 158.78328875273328, 36.97350968874268, 173.36081971582684, 86.59068225344969, 45.71858378443641, 165.6099500047521, 225.663341286246, 153.8449235843575, -7.984683648059516, 71.83497026988312, 93.68453709436122, 107.24481611478048, 77.01644422732144, 12.388456479809467, 88.79312375980173, 60.607775229962684, 197.82730732056842, 113.35331848247532, 214.0070047973428, 149.93655254549228, 239.51609046152387, 90.6188485824227, 186.94972498434555, 201.95749093775663, 92.91193290198095, 11.041932979697165, 112.16733577390221, 196.39613379410312, 250.84432357033054, 117.43012496394837, 105.63819650912347, 34.196701444063535, 120.86125435276067, 111.75074212172348, 165.25927389356488, 126.74554392557457, 140.21309552607508, 280.58716293747864, 164.44702834931718, 226.2848366319182, 235.53031102072498, 143.13206351899566, 252.72605824435703, 233.67366042747992, 224.01825892012283, 33.29308168327444, 297.69557997986794, 118.70061477474468, 247.28235913235258, 113.32824949541087, 115.15087076255003, 240.63417251839232, 249.85673712442983, 232.4570489459493, 106.7934162215264, 122.65486187054736, 244.66596338197883, 230.68002526535093, 267.16186768814595, 76.49237584845528, 199.8024132912102, 213.40032165457416, 102.26525775420632, 125.68135970059443, 75.46466242287866, 217.448967827228, 237.48791758091411, 1.6994621739551121, 104.39754147246829, 209.0615256274794, 300.67182865171935, 269.4841371561707, 256.0224717510821, 160.31583069026024, 256.93520293666256, 223.62803276757506, 235.10607139097553, 211.3177318691146, 234.88082581932625, -203.04047335377845, 69.82669759853553, 116.80484094624876, 192.03339226630152, 214.5988021776194, 104.85984719635962, 201.73926150223883, 227.60643874442212, -310.4430828727859, 216.93901565099554, 271.1255013761322, 213.25695520249397, 231.5459901037505, 139.20014735968468, 137.85877807842724, 197.6387922052033, 190.85467347992244, 213.34584658126448, 222.5775457888311, 153.7617672999749, 274.1986694796991, 49.938514833502595, 214.246025328545, 227.78802208952436, 203.31016704066184, 225.10999704806827, 114.94643478691603, 192.3144429975806, 203.21992423068082, 215.2865161911817, 245.28853118927668, 204.69108084296255, 187.0733694328938, 242.3853712922309, 184.35599524055738, 222.5223064588066, 243.8812724923263, 224.5797527164006, 208.88962854715356, 202.54335963202402, 234.82287292761742, 198.3682366571457, 213.97917311494965, 239.62945587684263, 250.61178522142455, 177.2946465495863, 228.24805937852094, -9.456837879893072, 250.72345455049708, 225.04563636253434, 226.89952035921664, 186.85562127858833, 206.99535090007, 71.57326671481258, 231.03796997452346, 104.77315473925648, 244.7275619275628, 218.65250437070347, 241.25925180382714, -192.03840708858155, 197.71606417582277, 276.71930745601173, 224.53931232361316, 52.5132270271759, 216.02797071081488, 267.9621307950756, 241.0595211374845, 