{"initial_reset_timestamp": 1650142597.0444207, "timestamps": [1650142598.9680533, 1650142600.4518356, 1650142601.1528916, 1650142601.819853, 1650142602.4857912, 1650142603.152669, 1650142603.820035, 1650142604.4866002, 1650142605.9350693, 1650142606.6364825, 1650142607.3030095, 1650142607.9689696, 1650142608.6364076, 1650142609.3031318, 1650142609.9866667, 1650142610.6524575, 1650142611.3191783, 1650142611.9863594, 1650142612.6528063, 1650142613.3199477, 1650142613.9861825, 1650142614.65251, 1650142615.319268, 1650142615.9860957, 1650142616.6524463, 1650142617.3189008, 1650142617.985673, 1650142619.4517646, 1650142620.169173, 1650142620.8357384, 1650142621.502297, 1650142622.1693742, 1650142622.8358235, 1650142623.5036407, 1650142624.168939, 1650142624.8361154, 1650142625.5022843, 1650142626.1689928, 1650142626.8365767, 1650142627.5040092, 1650142628.1690764, 1650142628.8354099, 1650142629.5019429, 1650142630.1692607, 1650142630.8380368, 1650142631.5035057, 1650142632.1698375, 1650142632.8356903, 1650142633.5068896, 1650142634.1694078, 1650142634.835944, 1650142635.503031], "episode_lengths": [40, 40, 40, 40, 40, 40, 40, 40, 40, 40, 40, 40, 40, 40, 40, 40, 40, 40, 40, 40, 40, 40, 40, 40, 40, 40, 40, 40, 40, 40, 40, 40, 40, 40, 40, 40, 40, 40, 40, 40, 40, 40, 40, 40, 40, 40, 40, 40, 40, 40, 40, 40], "episode_rewards": [-18.93738086822832, -21.59550624897333, -20.30507541520208, -23.63402936006419, -17.76807147551629, -24.620682183256882, -20.703980058469924, -20.703481892428307, -23.786988369225377, -18.22346625840015, -22.686965135053185, -17.749466201502983, -16.077928634535702, -18.323105560325857, -27.224254409619995, -18.83861271517992, -17.66555444246399, -23.76139004222119, -28.22652506026676, -18.389416029211706, -18.018840642324438, -16.592986656077226, -19.693167583066987, -16.593001400336274, -18.545444871398487, -19.32959827531187, -15.002966005191633, -23.757366287441382, -17.47585155305322, -19.709282450416513, -14.796541804718546, -23.261322624360385, -28.993440743364758, -18.743409810112972, -20.90066764478488, -17.56260257362788, -18.485124771435984, -13.933106017080638, -14.17851229968791, -17.509837753854228, -20.46190478539857, -15.322120782588922, -20.430965907748867, -24.418957232037958, -20.857737284371527, -20.721906127544994, -19.31826633198944, -22.721681997042957, -17.811727757681673, -17.100792106432934, -17.87326255316823, -28.553228591674905], "episode_types": ["t", "t", "t", "t", "t", "t", "t", "t", "t", "t", "t", "t", "t", "t", "t", "t", "t", "t", "t", "t", "t", "t", "t", "t", "t", "t", "t", "t", "t", "t", "t", "t", "t", "t", "t", "t", "t", "t", "t", "t", "t", "t", "t", "t", "t", "t", "t", "t", "t", "t", "t", "t"]}