{"initial_reset_timestamp": 1650093121.8783555, "timestamps": [1650093123.8409278, 1650093125.3241625, 1650093126.0245764, 1650093126.6913295, 1650093127.3580475, 1650093128.024274, 1650093128.6912827, 1650093129.3576107, 1650093130.8241234, 1650093131.5246623, 1650093132.1912403, 1650093132.8579345, 1650093133.5245574, 1650093134.1912115, 1650093134.8579037, 1650093135.5245452, 1650093136.1915534, 1650093136.8582528, 1650093137.5243087, 1650093138.1911998, 1650093138.8580213, 1650093139.5246975, 1650093140.190976, 1650093140.8580487, 1650093141.5237558, 1650093142.1911664, 1650093142.8578272, 1650093144.3240871, 1650093145.0244358, 1650093145.6910837, 1650093146.3576264, 1650093147.0245488, 1650093147.6910245, 1650093148.3581774, 1650093149.024694, 1650093149.6910484, 1650093150.3576553, 1650093151.0238101, 1650093151.6912036, 1650093152.3578172, 1650093153.0243382, 1650093153.6911838, 1650093154.35771, 1650093155.0242424, 1650093155.690962, 1650093156.3569353, 1650093157.0244195, 1650093157.6910229, 1650093158.3577874, 1650093159.0236762, 1650093159.6910965, 1650093160.3577297], "episode_lengths": [40, 40, 40, 40, 40, 40, 40, 40, 40, 40, 40, 40, 40, 40, 40, 40, 40, 40, 40, 40, 40, 40, 40, 40, 40, 40, 40, 40, 40, 40, 40, 40, 40, 40, 40, 40, 40, 40, 40, 40, 40, 40, 40, 40, 40, 40, 40, 40, 40, 40, 40, 40], "episode_rewards": [-26.400682653944294, -24.59483867369277, -14.549486503376622, -22.366162538825815, -22.884331817063785, -19.434840459075463, -18.981684367962423, -19.276796064367872, -28.677737476774908, -25.463486898663767, -18.619415610286172, -18.79532408344043, -15.740448073222415, -16.88022960506929, -20.793075402793075, -18.69263027921906, -18.630372492869533, -20.206005669512944, -20.219144945497952, -18.590824232702303, -20.129161634653315, -19.533726999156556, -16.022168323169296, -17.19277743554389, -18.893409812963185, -17.84189907566975, -22.55965265601562, -17.53519537554438, -18.32574940037319, -25.83061576354608, -18.870131782296543, -17.713226252152356, -21.771919150005488, -21.992853716708545, -17.96624814023414, -14.576122476779886, -21.44943944063747, -14.012735745747085, -18.89617375618727, -17.64181833702574, -19.199569845740758, -17.683242056506735, -17.291665622686683, -21.891161936669977, -26.73836509934194, -16.620994071525114, -17.627367459512485, -23.77738263194577, -20.33375006806303, -21.497183239065492, -21.571287522015567, -18.768132227474027], "episode_types": ["t", "t", "t", "t", "t", "t", "t", "t", "t", "t", "t", "t", "t", "t", "t", "t", "t", "t", "t", "t", "t", "t", "t", "t", "t", "t", "t", "t", "t", "t", "t", "t", "t", "t", "t", "t", "t", "t", "t", "t", "t", "t", "t", "t", "t", "t", "t", "t", "t", "t", "t", "t"]}